Nombre;Email;Rating Google;Google Place ID;Columna1;Columna2;Columna3;Columna4
Área AC y Caravanas Covelo;016-online@igualdad.gob.es;4.5;ChIJ8f3fiPF9JQ0R-stlnjw46vA;;;;
Caravana de Castellón;20hola@camperplana.com;4.2;ChIJUziVm_D_nxIRTz3F7wuXi1I;;;;
Área de Autocaravanas La Peza;20lapeza@dipgra.es;4.6;ChIJh6Y1EmYnbg0R6eZJBbCH-BI;;;;
AUTOCARAVANAS MONTAÑO SL;a.c.montano@hotmail.com;4.3;ChIJZ4Oovc5wEg0RgPY5TD1UBL4;;;;
Accitrucks;accitrucks@gmail.com;4.8;ChIJfe6EE67Ubw0R39de5yzRUxQ;;;;
Àrea Recreativa La Cañada;admin@pinademontalgrao.es;4.4;ChIJk9Es-0sqXg0RbceCuil2tLw;;;;
Parking de Caravanas;adresse@exemple.com;4;ChIJoWg8AwAbaA0RmX5L9P5phBw;;;;
Camperiza-T;aigendm@gmail.com;4.7;ChIJxVixv4yFNw0RtJnXO0SZymE;;;;
Camper Park Beas de Granada;ajax-loader@2x.gif;4.8;ChIJe84LAAvhcQ0RjpLuVhpq_IE;;;;
Àrea d’autocaravanes de Prats de Lluçanès;ajuntament@pratsdellucanes.cat;4.4;ChIJt1rSoqMbpRIR9b_jI7Z2hqU;;;;
Área de AC y caravanas Ribadavia;alcaldia@ribadavia.es;4.4;ChIJiQ1hxMiKLw0R8yTS0VkckM8;;;;
ALCARAUTO;alcarautopinoreal@gmail.com;4.8;ChIJjffvta9vEg0RYai8xnkzDYE;;;;
Algarve Campingcar Park;algarvecampingcarpark@gmail.com;4.5;ChIJQ6GsxRXRGg0RKpiETIlzp9I;;;;
Pangea Vans - Camperización de furgonetas - Alquiler de campers;aloha@pangeavans.com;5;ChIJlweoaF1JYA0RZDjgNG0bv5Y;;;;
Walabi Camper - Alquiler de Campers;alquiler@walabicamper.com;4.6;ChIJg2YHLVdNYA0RzbgYbuYaV5U;;;;
HOME PYRENNES CARAVANING;alquileresjaca@gmail.com;5;ChIJBwIlR5OBVw0RmJfvB2KimsM;;;;
Amodiño autocaravanas;amodinhoac@gmail.com;5;ChIJlRb_k9hxLw0R-t4jgccXzEY;;;;
Área privada de Autocaravanas de León.Camper park;areadeleon@gmail.com;4.4;ChIJgw5CDRSFNw0Rb-R_NAnx_0A;;;;
Área de Autocaravanas de Logroño;artamendi.sanz@allianzmed.es;3.9;ChIJkd5HJy6rWg0R3MC-U90D2Q0;;;;
Cámping Auria (Auria Camper Park);auriacamperpark@gmail.com;4.8;ChIJfdLzSwD5Lw0RUWWn4XGx_1w;;;;
Autocamper.cat;autocamper.cat@gmail.com;5;ChIJseBmNM4npRIRY3AY3nNSmKE;;;;
Autocaravanas Mundo G;autocaravanasmundo.g@gmail.com;4;ChIJGf0K3j_5Lw0RlDzUv_KJjCE;;;;
AUTOCARAVANAS QUIJOTE;autocaravanasquijote@hotmail.com;5;ChIJ_exuaeGtaQ0RRH8xEJTfCXk;;;;
TALLERES AUTO MOVI S.L.;automovisantodomingo@gmail.com;4.6;ChIJSYRmBqZ8RQ0RcMg8eq3R128;;;;
Autocaravanas - Es Castell - Menorca;autorepcastell@infotelecom.es;5;ChIJ55CZgTaHlRIRjtCs-IYh4oI;;;;
Autos Ximo;autosximo@gmail.com;4.8;ChIJ6btrhOYTYA0RTzKOowqbbJM;;;;
Aventura Camper Alquiler;aventuracampersevilla@gmail.com;5;ChIJhbEG-dFvEg0RWVsq2gt8r5I;;;;
Caravan Parking;ayuntamiento@artana.es;4.4;ChIJ-YUXck4NYA0RxXc63ByDZws;;;;
Parking de Autocaravanas;ayuntamiento@villada.es;4.3;ChIJj-x_8drwRw0R3zjdxmJTmWI;;;;
Chapa y pintura Berro Automoción;berroautomocion@dsimobility.es;5;ChIJjQIXVhlpEg0RPdKhBFYyh2c;;;;
Libertium Sainte Eulalie;bertrand.estelet@libertium.fr;4.5;ChIJL1kATPEuVQ0RGrVHnIP3wKc;;;;
CAMP'N DREAM;Biganos;06 49 11 62 26;https://campndream.fr/;;4.9;ChIJnZ6rZaCVVA0RFyXwUNgiO2g;
Alquiler Autocaravanas Vilafamés | Viajar en autocaravana desde Castellón;bootstrap-icons@1.5.0;5;ChIJHZAGe8z5Xw0RJxh-Pcbdg4Y;;;;
AD NÀUTIC Maó - Menorca;boschlozano@boschlozano.com;4.9;ChIJ3Wz7k_WHlRIReisqOlRwD5g;;;;
Camping Vale da Carrasqueira;brunomgmateus@gmail.com;4.6;ChIJR2Ss_BEhGw0RsK1wy3Nngew;;;;
BubelaTours;bubelatours@gmail.com;;ChIJsVQxOBHBLw0RuWw6Aoou5nM;;;;
ÁREA DE AUTOCARAVANAS de Onda.;bundle@1.2.1;4.3;ChIJiSrj0pEKYA0RC0weO6TIf0Q;;;;
Área de Autocaravanas-Autokarabanentzako gunea;calendar-web@5.0.105;4.7;ChIJKxCdK3v7Tw0RLe4oeeFKoU8;;;;
Área de Autocaravanas Miranda do Corvo;camara@cm-mirandadocorvo.pt;3.9;ChIJgyaltSHyIg0R9Fl81705lB8;;;;
CamperTui;campertui@gmail.com;5;ChIJQQMScq-bJQ0Rx0GYcrMK91o;;;;
Camping Vía de la Plata;camping@aytobaneza.net;3.9;ChIJT1_dB2zaOQ0RB1Ws_BcUEgw;;;;
Càmping Casal | Bordes de Envalira;campingcasal@andorra.ad;4.4;ChIJ_cYK5iVirxIRLjTuSQebLpM;;;;
Camping Verdalle;campingdeverdalle@gujanmestras.com;4.3;ChIJ1Y-AUBGZVA0R8a2dKEsZw60;;;;
Aire camping cars et camping le Grain;campinglegrain@outlook.fr;4.4;ChIJSUdiZRQsVQ0RrosKe0jCUP8;;;;
CampingPlus;campingpluspt@gmail.com;4;ChIJ4zrYpqplIg0R0QSwOirMI7E;;;;
Camping Reina Isabel;campingreinaisabel@gmail.com;4.3;ChIJkwBw-y37cQ0Ricono-380jY;;;;
Talleres Joaquín de Blas S.L. Eurotaller;canalclientes@eurotaller.com;4.9;ChIJA54IdoyaNw0RLDYbiKR95uA;;;;
CARAVAMOLY;caravamoly@gmail.com;5;ChIJPRlQ66-BJQ0RaaoRo8QUkFA;;;;
Alquiler Autocaravanas en Huesca CARAVANING MONEGROS;caravaningmonegros@hotmail.com;5;ChIJr2O2NJCPWA0RDNSabeeLnx8;;;;
Alojamiento Rural Caserío de la Fuente;caseriodelafuente@alojamientoruralcaseriodelafuente.com;4.9;ChIJDdBuFKgEbg0Rlw_3jLSyKRw;;;;
LA CENTRALE DU MOBIL'HOME;centrale-du-mobilhome@wanadoo.fr;4.4;ChIJkcd01kdBtRIRY059s1uocSQ;;;;
Chapisteria Adrivan;chapisteriaadrivan@dsimobility.es;4.7;ChIJJ0zEhLZFWA0R1wq92GnmFZk;;;;
Caravanas Juan;comercial@caravanasjuan.com;4.4;ChIJzyRVVauFJQ0RlGc-yirYk0c;;;;
Area Servicio AutoCaravanas E.Leclerc Miranda;comunicacion@scaber.leclerc;4.1;ChIJMbcRqn-bTw0R7_gGHIY2WCw;;;;
ÁREA A CANCELA;concello.cortegada@eidolocal.es;4.5;ChIJ3xT-QQBhJQ0RmD_ujCuyUyA;;;;
sarl RUN CARAVAN;contact@c46.fr;4.7;ChIJfd7px4WJrBIRQtbvmZ0ZP24;;;;
Huttopia Barcelona Pirineos;contact@huttopia.com;4.5;ChIJV9UoA6wKpRIRzTLt0H-gbIY;;;;
Valence Caravane - Idylcar Valence Nord;contact@morin-loisirauto.com;4.4;ChIJ1_v9nQFb9UcRuhK3KjcbgFA;;;;
EXPO7;contact@tooeasy.fr;4;ChIJTez7vcZE9UcR_REim0MkJtc;;;;
Camping Monfragüe. Restaurante y Bungalows;contacto@campingmonfrague.com;4.3;ChIJc_wWLR8ZPg0RfZSjOc-nh9M;;;;
Viste Tu Furgo - Camperizacion en Valencia a medida;contacto@vistetufurgo.com;4.8;ChIJTdS9X8ddYA0R9i6_qfXIY4Y;;;;
Andrieux campers;cookie-consent@2.1.3;4.3;ChIJ4XhHyXFttRIR2JlpY-BZAdQ;;;;
Parking Autocaravanas Estación de Olvera;cookieconsent@v3.1.0;3.7;ChIJu0jeAaxFDQ0RSA2ksdcq0j0;;;;
MAN Truck & Bus Comercial Veh. Ind. de Galicia (COVIGAL);covigal@covigal.com;4.7;ChIJZxhibayFJQ0R2m52G2ZZMNk;;;;
Cuculla camper van;cucullacampervan@gmail.com;4.9;ChIJgTurxitRYA0Ra0ks1XfMDU0;;;;
Parking autocaravanas Pancorbo;cynthiac@elplural.com;4.4;ChIJ72x7M5J5Tw0Rldi_d03uZIA;;;;
Automóviles Palmerauto SL;david.robledo.ext@adevinta.com;1;ChIJycpqOld_Eg0R42rkE7_lP9g;;;;
Taller De-rodes;de-rodes@hotmail.com;4.8;ChIJq3j7cuxNYA0Re46RcMfCh3o;;;;
Techocamper distribución e instalaciones;distribucion@techocamper.com;4.7;ChIJmX0PP7pyEg0RXHLirADBU2c;;;;
Área de autocaravanas;dpd@dipcas.es;4.4;ChIJE9NRdOZ1YA0RNW3BBLUZUsM;;;;
Càmping Santa Creu;elsmeners@andorra.ad;4.2;ChIJgcdFQCdirxIRUvGj4eukJ94;;;;
Club Campista Aire Libre Sevilla;encaravana@edicionesjd.com;4;ChIJQZYVWkBpEg0R5Zo4ySXkwPI;;;;
Family Plan Camper / Alquiler de autocaravanas en Sevilla;familyplancamper@gmail.com;3.5;ChIJaRKoEyxpEg0RTABYez8mqkc;;;;
ASA São Marcos da Serra;freguesiasaomarcosdaserra@gmail.com;4.5;ChIJwTBJSKjnGg0RXNaBLqoB4nA;;;;
GT ONE;garaget@gtone.fr;5;ChIJqcx-3O57pRIRnSZke5qKEx4;;;;
Parque de Campismo Municipal de Castelo Branco;geral@albigec.pt;4;ChIJKdX-gzVdPQ0Rjw46LnKiZLU;;;;
Cascatas Camping;geral@cascatascamping.pt;4.3;ChIJg17vaIL3Ig0RTqAZofr4K6M;;;;
ASA - Área de Serviço de Autocaravanas;geral@cm-almodovar.pt;4.5;ChIJ118CoLSTGg0RutlyzNiCe4g;;;;
RV park;geral@cm-constancia.pt;4.4;ChIJSakRlAdlGA0Rr-SPMNwRiAw;;;;
Área de Autocaravanas Alferce;geral@jf-alferce.pt;4.4;ChIJIU2KivIfGw0Re_RC60YQTuI;;;;
Parracho Coimbra;geral@parracho.pt;4.2;ChIJn1_jSoP5Ig0RCVDGBF3SYeg;;;;
RoadCamper Motorhome Services;geral@roadcamper.pt;4.7;ChIJYaEF7eovGw0R2XeAeWf1HB8;;;;
Caravanas Osito;grupocaravanasosito@grupocaravanasosito.com;3.8;ChIJwSKXBbteYA0RfclW6UjtGnQ;;;;
Ferme de Simondon;helenehubert@fermedesimondon.fr;4.7;ChIJbduJ7VZc9UcRdWieo0aiCms;;;;
Alquiler de Campers - Adventure Campers;hola@adventurecampers.com;4.7;ChIJl7a_6QJPYA0RSiSCDzv9HOQ;;;;
Camping La Trapera;hola@campinglatrapera.com;4.7;ChIJX7d2PICbRQ0RJaMOQqEAqxc;;;;
Mapache Projects;hola@mapacheprojects.com;5;ChIJI6hb81mTpBIRiNkQMQHkzcY;;;;
Ociovilaboa;hola@miempresa.es;4.7;ChIJ2fHg4yh7Lw0RcfdiaHeG60U;;;;
Osito Camper Van;hola@ositocampervan.com;4;ChIJI2-xxItbYA0R9w_KUOufAHw;;;;
Area de Autocaravanas de Hontoria del Pinar;hontoriadelpinar@diputaciondeburgos.net;4.6;ChIJQQL_X45URA0RJhiP187SyMg;;;;
Parking Ordesa Pirineos | Autocaravanas;http://areadeautocaravanasordesapirineos.com/;hola@areadeautocaravanasordesapirineos.com;4.5;ChIJZ_E_1IoDWA0RuueaeBwIDm8;;;
AutoSuministros Motor - Caravanas;http://www.autosuministres.com/;info@autosuministres.com;4.1;ChIJmd6U3fwmpRIRtAU3g7uFowk;;;
CAPITÁN CAMPER;http://www.capitancamper.es/;;4.6;ChIJya_QxIxvEg0R8D3S58BjDiA;;;
Erwin Hymer Group Ibérica;http://www.erwinhymergroup.eu/;hola@erwinhymergroup.eu;3.2;ChIJEZVXMmUnpRIRWg-WoLgWpYg;;;
Roadtrip-campers;http://www.roadtrip-campers.com/;roadtripcampers@hotmail.com;4.9;ChIJHWNojL3RGg0RSmDYXpLSJMc;;;
VIMAUTO PORRIÑO;http://www.vimauto.es/;info@vimauto.es;4.6;ChIJ88yxYCSFJQ0RWWG7keSCnVg;;;
Enganches del Sur: Enganches para remolques;https://enganches.es/;enganches@enganches.es;4.6;ChIJTZVPTBBvEg0Rx058pfOZSvk;;;
Rancho Belchior ;https://rancho-belchior.webnode.pt/;;4.6;ChIJy8ufmw_bGg0RqnVCJB8yVwk;;;
Área de Autocaravanas;https://turicamp.com/area-de-autocaravanas-trujillo/;;3.7;ChIJp4gzVRmjFQ0RTl423pkH--s;;;
Turtle custom;https://turtlecustomct.com/;;4.5;ChIJ41xOpd1pYw0RzwcJ5e3kUGw;;;
Vilamoura Rustic Motorhome & Caravan Park - Adults Only 18+;https://vilamourarustic.scatterlings-of-africa.com/;;4.1;ChIJOSGkYXG2Gg0RftyZxuhwzq0;;;
Automóviles y Campers Sevilla;https://www.autocampersevilla.com/;;4.9;ChIJn3KebKp_Eg0RI2knrAZ7twA;;;
Biocamping;https://www.biocamping.pt/;geral@biocamping.pt;3.8;ChIJV_61gXJZIg0RlAQ5OdMwt04;;;
Autovangaraje;iagocasales@hotmail.com;4.9;ChIJW7RGEO6BJQ0RG2oA_ryK5Y0;;;;
ElectroDiesel Montesino;ie11customproperties@4.1.0;4.7;ChIJj0BMhPVvEg0R4YQFtkwyAdE;;;;
ImaginCamper;imagincamper@gmail.com;5;ChIJ4efu1jcHYA0RmXOrUr8PvIc;;;;
Adventure Menorca;info@adventuremenorca.com;;ChIJB4yJB4sjvhIR4b_6AxKWvnw;;;;
Camping Artieda;info@alberguedeartieda.com;4.8;ChIJlcFjkkFZVw0RrAvZZ34-Yk8;;;;
EscapaT;info@alquilerescapat.com;4.9;ChIJgwD35wObJQ0R-oI9oQ3OvAQ;;;;
Refugio Alto Mijares;info@altomijares.org;4.5;ChIJvw3u6OEtXg0RJjG_gRLkhkk;;;;
Camper Park AlyBOX;info@alybox.com;4.6;ChIJ8yHl8GppYw0RrVoDI7rCUhI;;;;
Alquiler Autocaravanas Pontevedra Amanece Donde Quieras;info@amanecedondequieras.com;5;ChIJAdwkO-RxLw0R3q5YLD-mmis;;;;
Ara Vans;info@aravans.com;1;ChIJ5SfoQwD3Vw0Rp4_X_k2HLV4;;;;
Area Autocaravanas Cartagena (Camper park);info@areaautocaravanas.com;4.3;ChIJH9yLV8BpYw0Rt4inaA9aR2E;;;;
Área Camping Camper Park Caravanas Home;info@areacaravanashome.com;4.6;ChIJS3TRGKyjZA0R7IYOl3A-UXI;;;;
ATLAS VANS;info@atlasvans.eu;5;ChIJsx3bnoRfrxIRbeWKwowZBc4;;;;
Autocaravanas Arlanza;info@autocaravanasarlanza.com;4.9;ChIJB-j_CHr7RQ0RBzOX-KjcMSk;;;;
Autocaravanas Baza;info@autocaravanasbaza.com;4.8;ChIJce8F-jfpbw0RVF6qsSs-5Hs;;;;
ACLeon;info@autocaravanasenleon.es;4.6;ChIJL35H-geFNw0RLX33AhJqbX4;;;;
Autocaravanas Hidalgo;info@autocaravanashidalgo.com;4.2;ChIJe5gCDpZkEg0R4i8uuLjp6Cs;;;;
Autocaravanas Picasso;info@autocaravanaspicasso.es;5;ChIJySL1-0_7RQ0RSYihQobIhq4;;;;
Autocaravanas Ribeira Sacra;info@autocaravanasribeirasacra.es;5;ChIJi0xrAvkZMA0RyxGLS0xfO08;;;;
Autocaravanes ZENIT - Lloguer d'autocaravanes;info@autocaravaneszenit.com;5;ChIJsfGuZ3qnpRIRSXCUnmMxnIs;;;;
Automediterraneo Vehículos Ocasión Valencia;info@automediterraneo.com;4.8;ChIJy9AC3RVGYA0RfZ7zG_yJUbo;;;;
AUTOS ALJARAFE;info@autosaljarafe.com;4.7;ChIJKbBGhD8TEg0RSYrcTA8jFGg;;;;
Área Autocaravanas;info@aytoalmanza.es;4.7;ChIJK7btT80dSA0RPBMvgKxfaOs;;;;
Area de autocaravanas de Carrizo;info@aytocarrizodelaribera.es;4.4;ChIJJ4cx_mBxNw0RfODXACEw2sE;;;;
área de autocaravanas de Gradefes;info@aytogradefes.org;4.1;ChIJkwtd4YzlNw0RhmH_gEow7BQ;;;;
Área de autocaravanas;info@ayuntamientodeoyon.com;4.5;ChIJx6PFar6qWg0RCkqwhv9iS4Q;;;;
BarGoCamper;info@bargocamper.com;5;ChIJ3QJyHB-dEg0R_D3dUyInUfw;;;;
BeachVans | Taller camper;info@beachvans.es;4.9;ChIJs18LoBarWg0RQSiJRCX0xJc;;;;
BORA BORA CAMPER & Co;info@boraboracamper.com;4.9;ChIJz3M_0iFvEg0RyR1N-NTnUC4;;;;
Camper Adventure;info@camper-adventure.com;5;ChIJVQ0gNVBxcA0RcPgSVxh5xlw;;;;
Camper León;info@camperleon.com;4.8;ChIJbTMxIDGFNw0RJeG2JN0P0Y0;;;;
CAMPERLOVE;info@camperlove.eu;5;ChIJN__FMNxfrxIRxoY1GgNONg0;;;;
Camper Menorca;info@campermenorca.com;4.1;ChIJT7ZugmiHlRIR5c58AYWCwSY;;;;
Camper Park Aldaia;info@camperparkaldaia.com;4.7;ChIJ3xR3LKJPYA0RDd2rqukXdXA;;;;
CamperStore;info@camperstore.es;4.3;ChIJZ4GHViVlEg0RehpKjitCmI4;;;;
CAMPERSUR;info@campersur.com;4.9;ChIJ208xq7hrEg0RA7A-CgWkqvU;;;;
Camping Alardos;info@campingalardos.com;4.3;ChIJp0eIxfXqPw0RPRf5hheOVVo;;;;
Camping Alvor;info@campingalvor.com;3.8;ChIJv1nl7D4vGw0RpLEOyb2p2WA;;;;
Camping Yelloh! Village Domaine de l'Esquiras;info@camping-esquiras.fr;4.6;ChIJa_04RpL9tBIRlyQDqypZ0Hw;;;;
Camping Las Lomas;info@campinglaslomas.com;4.5;ChIJZ8gq6lXhcQ0R9442kQkppXQ;;;;
Camping Oto;info@campingoto.com;4.6;ChIJXwXegbz5Vw0RM-cdRmAFFls;;;;
Camping Río Vero;info@campingriovero.com;4.1;ChIJv9d5_IWJpxIR_pFw1ySQR2I;;;;
Camping El Solsonès;info@campingsolsones.com;4.3;ChIJGeUBINzJpRIRQevLPmgCmAQ;;;;
Camping Technik & Golf - Algarve;info@camping-technik-algarve.com;4;ChIJS5FL_J_RGg0R69-_t9wWTto;;;;
Caravanas Campos;info@caravanascampos.com;4.9;ChIJGYskzmN_DQ0RPyxc8dhqPQs;;;;
Caravanas Sevilla;info@caravanassevilla.es;4.1;ChIJ-1nLjadtEg0R9lhEqy4adcY;;;;
Caravan Depot - ALM Valencia;info@caravandepot.es;4.8;ChIJFwDwP6hfYA0RVo2pROQXbWA;;;;
Caravaning70;info@caravaning70.com;4.8;ChIJWTrdU175YA0RKR1r40UMV14;;;;
Caravaning Ebro;info@caravaningebro.es;5;ChIJSXXtAbaRTw0RzbbcIKJHQAA;;;;
Caravaning Pirineos;info@caravaningpirineos.com;5;ChIJ_Q_8CS8hWA0RApD0S0uoN78;;;;
Carretera Y Manta;info@carreteraymanta.es;4.9;ChIJ-2r_5TWrWg0RtvvP-Y6oqdk;;;;
Camping Caravaning Club de Valencia;info@cccvalencia.es;3.9;ChIJ_abqRqZRYA0Rc8rHhyr19ws;;;;
CM AUTOMOCION;info@cmautomocion.com;4.8;ChIJ2UU5_pZpEg0RSAF_Ddj-i0I;;;;
Collvert Camping - Camping en Valencia;info@collvertcamping.com;3.6;ChIJw9DsmnRJYA0R_RdFkOvgwnQ;;;;
Crazy Caravaners;info@crazycaravaners.com;;ChIJo7mAP3BvEg0RUWV-mxvbT-8;;;;
Dcamper;info@dcamper.com;5;ChIJg_w8t3RtEg0RFQk4gtasmlo;;;;
Delta Caravan;info@deltacaravan.es;5;ChIJhf95y4sJYA0RyvKV0etyNlE;;;;
Dr. Wagen;info@drwagen.es;4.1;ChIJi_CbfTRpEg0Rw-hT8sAuBY8;;;;
Eco Área El Saler | Autocaravanas;info@ecoareaelsaler.com;4.1;ChIJYzg_EgBLYA0R0FWKebC3gX4;;;;
Área Autocaravanas Elciego;info@elciego.es;4.7;ChIJI_QGPvlXRQ0Rm0RW-wdFHOQ;;;;
Elevan Equipamientos;info@elevanequipamientos.com;4.6;ChIJE_im6_w_Yw0RxO3mz0V9XIU;;;;
El Mástil Camper Park;info@elmastilcamperpark.com;4.9;ChIJ-4_KNXdnYw0RS6cg9bIy6WU;;;;
Enjoy León Caravaning;info@enjoyleoncaravaning.com;4.6;ChIJ61-815aPNw0R-mSIl1QxvzM;;;;
E-VANS alquiler AUTOCARAVANAS SEVILLA;info@e-vans.es;5;ChIJbYMLsY5pEg0RoyRlGZ3Lkio;;;;
Flit2GO;info@flit2go.com;5;ChIJl-wF_T1JYA0RKdQBpBOtafg;;;;
Forohomologar;info@forohomologar.com;4.9;ChIJczUC2WibTw0Rmc51kCVeRPA;;;;
FreeKampers;info@freekampers.com;4.4;ChIJf6Z7Y29wEg0RU_vp0rcygV4;;;;
Furgoporhoras;info@furgoporhoras.com;4.2;ChIJ75BVUXiRNw0RL3Mh0GpjsiU;;;;
Furlux;info@furlux.es;4.7;ChIJjygwbVyRaQ0R3PHqGwSJAwk;;;;
Galocaravaning;info@galocarvaning.es;4.4;ChIJ4XEdYLhRYA0R5xhTtOZRAUo;;;;
GoRent;info@gorent.es;4.7;ChIJ83-wzLCbEg0R--GbSmL5I5M;;;;
GoVaning - Lloguer cotxes i furgonetes a Andorra;info@govaning.com;4.8;ChIJCwGZZlX1pRIR8QCSnLX2Nbg;;;;
Group Maoscoservice;info@groupmaoscoservice.com;4.4;ChIJk0NIEa7_Lw0RnHtgFuuvlO0;;;;
Josmar Caravaning - Grupo Josmar;info@grupojosmar.es;4.9;ChIJrwAQslL3Xw0RqOeFqFt8SqA;;;;
Hispania Rent a Car Huesca;info@hispanialquiler.com;4.5;ChIJ-RuI_D5EWA0RGcYO8cVVt4I;;;;
HRCrent;info@hrcrent.com;4.1;ChIJSRAEVBVzEg0RxxVyoBhLd-k;;;;
IFRENT;info@ifrent.com;4.5;ChIJLceyCtuKpRIR7o8U8zeqiYo;;;;
Kampi - Alquiler de Camper en Valencia;info@kampi.es;5;ChIJuxpJMjVFYA0RVp2QNxxm_C8;;;;
K´Foam Store;info@kfoam.es;4.6;ChIJzRoMwdllEg0RULEj0-JWcsM;;;;
Alquiler Autocaravanas Valencia Kids Routes;info@kidsroutes.com;4.8;ChIJoTWZx4pBYA0RvIMBjGLHnKQ;;;;
KMcamper;info@kmcamper.com;4.4;ChIJG31NtJHLEg0R0D6paIizS00;;;;
LA CAYENA VIAJERA - ALQUILER DE AUTOCARAVANAS;info@lacayenaviajera.com;4.2;ChIJx4zW5qD7cQ0RwkT9mf1SD2w;;;;
Àrea d'autocaravanes de Sant Llorenç de Morunys;info@lavalldelord.com;4.4;ChIJE13jjP-5pRIRz8jRZLX7s54;;;;
La Zancuda Camper;info@lazancudacamper.com;4.7;ChIJjf7MslcXPg0R4sH4iHlkhF8;;;;
Logistic Automotive;info@logisticautomotive.com;4.5;ChIJ0b_zVzZpEg0RtKSHcWbPFyI;;;;
Los Olivos Camper Park;info@losolivoscamperpark.com;4.5;ChIJ8yqCoepnYw0RF-oh6zODFm8;;;;
Los Primos Camper - Alquiler de furgonetas camper y autocaravanas;info@losprimoscamper.com;5;ChIJhU1PbwtJYA0R3OtV3WnjpcQ;;;;
Lucamper.es - Alquiler autocaravanas Requena;info@lucamper.es;5;ChIJOZxp0p26oUUR1nWE89BBF1g;;;;
Luxe Caravaning;info@luxecaravaning.com;4.6;ChIJdweIQM5aYA0R127s3H6t1jE;;;;
Mallorca on road - Alquiler Autocaravanas;info@mallorcaonroad.com;5;ChIJ2QzL0dcnmBIRs7RUDNXVsc0;;;;
Marina Center;info@marinacenter.com;3.8;ChIJv7sck2MiYw0Rl_WH61qv1bM;;;;
Maxi Rent alquiler de Autocaravanas;info@maxi-rent.es;4.7;ChIJPyO7yZcBYA0R2_hpjc2VPF8;;;;
Merbag Automocion S.L ( MOTOR CLASS );info@motorclass.es;5;ChIJfScajEj3YA0RZVr0bUFX8Gk;;;;
multilocales.com;info@multilocales.com;4.8;ChIJY4QqpTSFNw0RcJqRtLy9yWc;;;;
mybooking;info@mybooking.es;5;ChIJWTN-7LkhvhIRI-2x2rukWEk;;;;
NJ-VANS S.L - Camperizaciones;info@nj-vans.com;4.8;ChIJk5zLnsRbYA0RDG8hg3p5Cu4;;;;
Nómadas Trujillo;info@nomadastrujillo.es;5;ChIJjSWzECajFQ0RWA6Q0BdCOVA;;;;
Ocean Camper - Campervan Rental;info@oceancamper.com;5;ChIJtzX78EOzGg0RaPQykH-ORqU;;;;
ONDC Vans;info@ondcvans.com;5;ChIJT7SncqZxLw0RYuikivJccCs;;;;
Àrea d’autocaravanes Torelló;info@osonaturisme.cat;4.5;ChIJv3c14W8lpRIR-kcyacW9ECI;;;;
Papúavan - Venta y alquiler vehículos camper y autocaravanas Castellón;info@papuavan.com;5;ChIJdTWlfTEHYA0RZPVm4wuMvy4;;;;
AREA PARKING CARAVANE;info@parkingcaravane.com;3.9;ChIJLaqRBNZoEg0RpJX3uXJxgS4;;;;
Parque da Galé - Área de campista;info@parquedagale.com;4.5;ChIJKVJ4n__RGg0RHS2fDFu0k_I;;;;
People Camper;info@peoplecamper.es;4.8;ChIJHbjWCjdzEg0R9Ov0XbQKoBw;;;;
Perfectvan;info@perfectvan.com;4.6;ChIJN2E90kQmpRIRXfXWjbOe7cM;;;;
PimPam Vaning Alquiler Autocaravanas;info@pimpamvaning.com;4.8;ChIJKfxP1hXZPw0RZ0kHEcAlL74;;;;
POLAR CAMPERS;info@polarcampers.com;5;ChIJOVVH9I9frxIRz7zwt65Ke5s;;;;
Pometa Campers;info@pometa.es;5;ChIJs_KUPqVPYA0RrrsdlzMOAmk;;;;
Prodivans;info@prodivans.com;5;ChIJMabyM2KbNw0R2koIsSmJAJ0;;;;
PROFCAT S.L;info@profcat.es;4.5;ChIJc1zvlpkruxIRoOJM88npUPM;;;;
Camping Puerta de la Demanda - Burgos;info@puertadelademanda.com;4.3;ChIJAQAAZOGSRQ0RHLIvszprek0;;;;
Caravanas Rioja S L;info@riojavehicles.com;4.7;ChIJWzTUfKt8RQ0RWGDQdo5x0JM;;;;
Rusticamper;info@rusticamper.com;5;ChIJBX6feQsbQg0RqbgXtAFocgY;;;;
Camping Ruta del Purche;info@rutadelpurche.es;4.1;ChIJQeoRcq78cQ0RrUGFa0jV4wE;;;;
Salceda Caravanas;info@salcedacaravanas.com;;ChIJRwMBAmWDJQ0RxolECD0nhsk;;;;
Solpor Camperpark Experience;info@solporcamperpark.com;4.9;ChIJ4Q0YaisPMA0R5dsZdlzV3js;;;;
Somport Caravaning;info@somportcaravaning.com;4.6;ChIJje_XaSVFWA0R13bTd-GmKVg;;;;
SoulCamper;info@soulcamper.com;4.7;ChIJnfRmm9ByEg0R3E3QroDQ0go;;;;
Soul Campers » Campervan Rental;info@soulcampers.com.pt;3;ChIJLz6mwt6uGg0RSkAAC2jshB0;;;;
Sound Depot – Car Audio y Seguridad Premium en Valencia;info@sounddepot.net;4.8;ChIJ2z-kmPNIYA0RbkA0rvRthJE;;;;
SouthCamper Sevilla | Alquiler de autocaravanas y Campers en Sevilla;info@southcamper.com;5;ChIJGcGDUGpvEg0RiMvt_JCaZEk;;;;
SulPark - Albufeira Caravans;info@sulpark.com;4.2;ChIJS95I42TPGg0RXhHkbPB41d0;;;;
Talleres Sybauto;info@sybautotalleres.es;4.8;ChIJM6DZAz9FWA0RYIHqdrFdpNo;;;;
Tinkervan - Camperización de Furgonetas;info@tinkervan.com;4.3;ChIJe58d6hdEWA0RoCEjJHAT67I;;;;
Todo Campers;info@todocampers.com;4.7;ChIJ5dbQHfNuEg0RUJJlhsJwcZM;;;;
UNIVERSO CAMPER;info@universocampers.com;4.5;ChIJf0-RmxRRYA0ROluBGTBcMUI;;;;
Vanbox Camper - Camperización de furgonetas;info@vanboxcamper.com;4.7;ChIJw834pDVRYA0RrTao1GDkNt4;;;;
Vanlife León S.L;info@vanlifeleon.com;4.7;ChIJYzlHihWbNw0RWLxiEAyXkSg;;;;
Van Park Pirineos;info@vanparkpirineos.com;4.8;ChIJRwpOOuCBVw0R0kdkeTGZ5Tw;;;;
PARKING-GARAGE VEFI;info@vefi.es;4.8;ChIJLWk5KNj_Xw0R8JKAdvP8n3I;;;;
Vic Van Autocaravanas Y Camper De Ocasion;info@vicvan.es;2.3;ChIJX8vdEEInpRIRbkS_k8CFzmg;;;;
Caravaning OU Autocaravanas;info@website.com;5;ChIJmZzZzdD7Lw0RfWxrUWw6ZhY;;;;
We Camper / If Rent / Seuwagen LA SEU D'URGELL;info@we-camper.com;3.6;ChIJSxFSYsTtpRIRSkur86g9a5g;;;;
TELEFURGO GRANADA CENTRO - Alquiler de Furgonetas;infogranadacentro@telefurgo.com;3.9;ChIJqe84Kn37cQ0RIkNH9clQHhM;;;;
Camping de La Vall de Bianya;informacio@campingbianya.com;4.5;ChIJldXW5WC1uhIRvhuHkehUtk4;;;;
Indie Campers Seville - Pick-up Center;johndoe@gmail.com;4.5;ChIJA1BLdddlEg0R7Mi_cYjr9yY;;;;
Ainker - Alquiler de furgonetas en León;joraded.1971@hotmail.com;3.8;ChIJ-Y9OZ02RNw0RUckKaAykq2c;;;;
Área Autocaravanas Sevilla;juanmaria.carrion@monogestionac.com;2.7;ChIJZa0bKgBtEg0RFQhAxBZsuiA;;;;
Caravan King Almeria;kcaravan@hotmail.com;4.9;ChIJX83eiE5vcA0Re4Curm4_3-I;;;;
LA GUARDESA PARKING CARAVANAS;laguardesa@laguardesa.es;4.7;ChIJjX3Zrfl6Eg0R2otLwVFa8b4;;;;
La Rutera Alquiler de Autocaravanas;larutera21@gmail.com;5;ChIJJfAfNSpPYA0RQpLGoRPQJ3g;;;;
Área de Autocaravanas de Belorado;leaflet@1.3.4;3.7;ChIJDQwSiquFRQ0RDNtq2HWL9PA;;;;
Van Adventures;leaflet@1.7.1;5;ChIJwRwcR5oHYA0RYymnJSc8Y-0;;;;
Live on Wheels ASA área de serviço de autocaravanas;liveonwheels.sba@gmail.com;4.6;ChIJgYmbwxyvGg0R6UVVbzXAV1k;;;;
Malco Rent a Car Valencia Aeropuerto;manises@malcorentacar.com;4.7;ChIJWbuSYAtbYA0RDPpVar7n09I;;;;
La forêt du Dragon;marjolein@laforetdudragon.fr;4.8;ChIJ_0VFLyejshIRx1_1o8sq_nM;;;;
SPOTICAR STELLANTIS &YOU SEVILLA - Calonge;miguelangel.megias@stellantis.com;4.8;ChIJF8ObICNpEg0REeRdEMdj8ac;;;;
Motarent Alquiler Furgonetas Mota del Cuervo;motarentfurgos@gmail.com;5;ChIJFQ9DXX1FaA0RWqcQEAYNeBg;;;;
Nómadas Monfrague;nomadasmonfrague@gmail.com;4.8;ChIJ6Ss4tnojPg0RMi9cne7KhwQ;;;;
Área de autocaravanas de Martinet;norespondre@diputaciolleida.cat;4.4;ChIJXwk7tiibpRIRNoxUn1Vn_ms;;;;
TRANFOCAR S.L;oficina@tranfocar.com;4;ChIJK0KK2gGJEg0R-udbwM5rpW0;;;;
Aparcament autocaravanes Sant Hilari Sacalm;oficinadeturisme@santhilari.cat;4.4;ChIJ17bt6XoquxIR93ulRbcesbY;;;;
Área de Autocaravanas de Benagéber;pantanobenageber@gmail.com;4.6;ChIJzc-QB962YA0Rlt3vf7Jzdmk;;;;
Parking Caravanas La Liebre;parkingliebre@gmail.com;4;ChIJS550wA9lEg0Ri1BQUOjSmnQ;;;;
Patrick Camping Car;patrickcampingcar@orange.fr;4.3;ChIJmVMTfP1FrRIRcMruOK5Q2L4;;;;
Terra da Barraquinha;portugaltravelling@gmail.com;4.7;ChIJAwxccTjvIg0RXNF1ZGvwabY;;;;
Procaravan;procaravan34@gmail.com;5;ChIJ1eiVT35NYA0RIjyMxADkMvw;;;;
Kamperland;proyectos@kamperland.es;;ChIJZUNF0QFDEg0RWhVSJe1V_jg;;;;
PRT OFF ROAD 4X4;prttalleres@gmail.com;4.8;ChIJ3166TGN7YA0RzOU5jsAiTu0;;;;
Área de Autocaravanas de Sabiñánigo;registro@aytosabi.es;4.4;ChIJkTTZKyIhWA0RGI-KhSFaveY;;;;
Campurent;rent@campurent.com;4.4;ChIJP3Y7jkQmpRIRJCrfTR490Js;;;;
Talleres Elimarke;repuestos@elimarke.es;4.3;ChIJm8jx9WKGJQ0RTsjczCqRx4c;;;;
camping bungalow park albufera;reservas@bungalowsalbufera.com;3.5;ChIJabpuAzRKYA0R9MKQu4Jouqs;;;;
Camping Park El Saler;reservas@campingparkelsaler.com;2.9;ChIJmWIyXTFKYA0R7JGJzL6Dggk;;;;
Doral Auto Alquiler coches Menorca;reservas@doralauto.com;4.9;ChIJdabaO5qHlRIRR7MFY4kunmE;;;;
Camping Ciudad de León;reservascampingleon@gmail.com;3.7;ChIJLyRruDmQNw0RKO1_L_i3jLc;;;;
McRent Algarve;reservation@mcrent.eu;4.5;ChIJ6Zx3sVGyGg0RHjILNxwyDM0;;;;
Indie Campers Bordeaux - Pick-up Center;reservations@indiecampers.com;4.4;ChIJJc2THijbVA0RpV-VnvR0heU;;;;
ÁREA DE SERVICIOS PARA AUTOCARAVANAS de Sajazarra.;riojaalta5@hotmail.com;4.3;ChIJUzgNxhOHTw0R1kSAIl1fRmM;;;;
Calavan;sandra.martinez@calavan.es;5;ChIJq5MKsIhFYA0RoQZWWIjTQzQ;;;;
DFM Rent a Car Granada;sangonera@dfmrentacar.es;4;ChIJ13q_pdT9cQ0RelIgw7UB54I;;;;
Aparcamiento Área de Autocaravanas de Biscarrués;secretario@biscarrues.es;3.6;ChIJLcnYWwi3WQ0ROYDsMXIsCV0;;;;
CERRADO;Sevilla;Utrera;654 17 54 55;;;4.3;ChIJuyaTiJJ5Eg0RD-DhfaSF_Ig
Shamwari Hilltop Retreat - Camping & Campervan Park & Retreat Venue;sjmediadigital@gmail.com;4.8;ChIJfzC6vmZvEA0RUaPYaEEnQcc;;;;
CAMPER JACK SERVICE;slick-carousel@1.8.1;4.9;ChIJD13HeocTYA0RP8w69RZ-O-s;;;;
SNAILVAN;snailvanvalencia@gmail.com;5;ChIJHyx15VUSlyQRvrfZyY_xUWQ;;;;
Horizon Camper;soporte@ayudapanel.com;4.9;ChIJdTVqw0JtEg0R33MgInNM7hk;;;;
Siesta Campers Faro;support@siestacampers.com;4.8;ChIJxxzm3N2uGg0R1SWDVeVm7Xk;;;;
Camping Casa Barco a Vela;support@webador.com;4.3;ChIJz7nY4v7ZGg0RPpldZ3Z75Z8;;;;
FUN VAN Castellón;sweetalert2@9.10.12;5;ChIJhwFz7Dj_Xw0Rmpy-bhkTq9w;;;;
GumerCamper;taller@gumercamper.es;4.6;ChIJddmNWFhwEg0R8kqnfSYjQdA;;;;
Talleres Antonio Pintos;talleres-antonio-pintos@hotmail.com;4.5;ChIJs-6iL6dxLw0R8xV5f3GeZmg;;;;
Talleres Noen;talleresnoen@gmail.com;4.9;ChIJZ6u2MMOxRQ0Rfmw2FgnaJPg;;;;
Área autocaravanas Farnals Playa;taula.directa@lapobladefarnals.es;4.1;ChIJYebLuTw5YA0RYTeMMbvcE-I;;;;
Thais D y J Productos;thais@thaissl.com;4.8;ChIJy7p7wE1QYA0R-gH2oEwq0WQ;;;;
TOGAUTO OURENSE;togautoourense@togauto.es;3.8;ChIJX4TjZTX_Lw0R8SavyvcgTrg;;;;
Área de Autocaravanas Sant Julià de Lòria;turisme@comusantjulia.ad;3.8;ChIJDelrV5z0pRIR_whUUh-fLCE;;;;
Área de Autocaravanas de Écija;turismo@ecija.org;4.3;ChIJMWU0PCzLEg0RXUXvG2i7wG8;;;;
Aparcamiento Caravaning;turismo@medinaderioseco.org;3.4;ChIJbzSF2TWBRw0RhP1zJjDnW64;;;;
AREA DE SERVICIO AUTOCARAVANA;turismo@ribeirasacra.org;4.1;ChIJ-SCJhyP9Lw0RT5kpHhqXO1o;;;;
Area de Servicio y Pernocta de Autocaravanas;turismo@santamariadelparamo.es;4.2;ChIJh7m6EunUOQ0RsG0oVkpyV30;;;;
Uro-Camper;uro-camper@sistemasuro.com;4.6;ChIJpxyQ5C1pEg0Rvi3JEMnWBy0;;;;
Rent A Furgo | Alquiler de furgonetas;usuario@dominio.com;5;ChIJXRu7M39FWA0RJqB1SCGQcUM;;;;
AC LLAR Vacaciones en Autocaravana Castellón;ventas@ac-llar.com;4.5;ChIJ79a0l5IBYA0RX8I5_1Vy6fY;;;;
Automoviles Basticars;ventas@basticars.com;5;ChIJhypnKBHpbw0RcgS_ax35xUc;;;;
Compass Rent;vic@compassrent.net;4.4;ChIJMwVIhOompRIRHlmWUviDZ2E;;;;
Àrea d'autocaravanes de Guixers-Valls;vue-tagsinput@2.2.0;5;ChIJP7TbBpG7pRIRuYLaWy2OLqE;;;;
Bookingvans Castellón;web@2.1.1;4.5;ChIJ3f3oY2sJYA0RvDw7GZ5UcSQ;;;;
WIND.CAMPER;webmaster@windcamper.es;3;ChIJh_nLDeUVYA0RhP7GgfP8-JQ;;;;
Fiat & Abarth Marcos Automoción Cartagena;webstellantis@marcosautomocion.com;4.4;ChIJN4nl2VxBYw0RjVkNQtuyJ6I;;;;
Càmping Valira;wght@12..96;4.3;ChIJrZVR6Cn1pRIRClqrSZse_aI;;;;
VG Caravaning;wght@200..800;4.9;ChIJr9LB7uObNw0Rg_jJ5XQV4E8;;;;
